Date,close,pred_up,position,strategy_ret,buy_hold_ret,strategy_cum,buy_hold_cum
2023-10-26,509.4272766113281,1,0,0.0,0.0,1.0,1.0
2023-10-27,511.34600830078125,1,1,0.0037664486719604096,0.0037664486719604096,1.0037664486719604,1.0037664486719604
2023-10-30,510.38677978515625,0,1,-0.0018758893196654247,-0.0018758893196654247,1.0018834939114583,1.0018834939114583
2023-10-31,507.5085754394531,0,0,-0.0,-0.005639261163689735,1.0018834939114583,0.9962336112337016
2023-11-01,506.5491638183594,1,0,-0.0,-0.0018904343050025751,1.0018834939114583,0.9943502970392288
2023-11-02,524.7771606445312,1,1,0.035984654853182585,0.035984654853182585,1.0379359256429628,1.030131649281345
2023-11-03,526.696044921875,0,1,0.003656569723779368,0.003656569723779368,1.0417312107238919,1.033898397481614
2023-11-06,527.6553344726562,1,0,0.0,0.0018213342591617554,1.0417312107238919,1.0357814720534397
2023-11-07,532.452392578125,0,1,0.009091271881602303,0.009091271881602303,1.0512018723881336,1.0451980430258039
2023-11-08,533.4116821289062,0,0,0.0,0.0018016437979297972,1.0512018723881336,1.0470811175976298
2023-11-09,534.3710327148438,0,0,0.0,0.0017985181391391158,1.0512018723881336,1.0489643119807792
2023-11-10,534.3710327148438,0,0,0.0,0.0,1.0512018723881336,1.0489643119807792
2023-11-13,547.80224609375,1,0,0.0,0.02513462099670649,1.0512018723881336,1.0753296324014872
2023-11-14,548.7616577148438,0,1,0.0017513831458981777,0.0017513831458981777,1.0530429296303707,1.07721294659596
2023-11-15,557.3959350585938,1,0,0.0,0.015734111927033778,1.0530429296303707,1.0941619356669505
2023-11-16,559.3147583007812,0,1,0.0034424779972350716,0.0034424779972350716,1.0566680067457672,1.0979285640558962
2023-11-17,556.4366455078125,0,0,-0.0,-0.005145783747442234,1.0566680067457672,1.0922788610951248
2023-11-20,553.5584716796875,0,0,-0.0,-0.005172509487577526,1.0566680067457672,1.08662903832303
2023-11-21,561.2334594726562,1,0,0.0,0.013864818597537187,1.0566680067457672,1.101694952822195
2023-11-22,553.5584716796875,0,1,-0.01367521423291529,-0.01367521423291529,1.0422178453804514,1.0866290383230301
2023-11-23,554.517822265625,0,0,0.0,0.0017330609773282823,1.0422178453804514,1.0885122327061796
2023-11-24,551.6397094726562,0,0,-0.0,-0.0051902980885437655,1.0422178453804514,1.0828625297454082
2023-11-27,544.9241333007812,1,0,-0.0,-0.012173844733358252,1.0422178453804514,1.069679929440716
2023-11-28,551.6397094726562,1,1,0.012323873657781759,0.012323873657781759,1.0550620064308056,1.0828625297454082
2023-11-29,550.6802978515625,0,1,-0.0017391997070169696,-0.0017391997070169696,1.0532270428983364,1.0809792155509352
2023-11-30,553.5584716796875,1,0,0.0,0.005226578541767335,1.0532270428983364,1.0866290383230301
2023-12-01,555.4772338867188,0,1,0.003466232214293541,0.003466232214293541,1.0568777724033958,1.0903955469006523
2023-12-04,550.6802978515625,0,0,-0.0,-0.008635702315991756,1.0568777724033958,1.0809792155509352
2023-12-05,546.8428344726562,0,0,-0.0,-0.006968586662493337,1.0568777724033958,1.0734463182070144
2023-12-06,546.8428344726562,1,0,0.0,0.0,1.0568777724033958,1.0734463182070144
2023-12-07,543.0054931640625,1,1,-0.00701726541282055,-0.00701726541282055,1.0494613805655306,1.0659136604857409
2023-12-08,546.8428344726562,1,1,0.007066855412886763,0.007066855412886763,1.0568777724033958,1.0734463182070144
2023-12-11,550.6802978515625,0,1,0.0070174886402358805,0.0070174886402358805,1.0642944001653545,1.0809792155509352
2023-12-12,554.517822265625,0,0,0.0,0.006968697498411114,1.0642944001653545,1.0885122327061794
2023-12-13,553.5584716796875,0,0,-0.0,-0.0017300626732209556,1.0642944001653545,1.08662903832303
2023-12-14,561.2734985351562,1,0,0.0,0.013937148919532794,1.0642944001653545,1.1017735490504268
2023-12-15,564.166748046875,0,1,0.005154794443831268,0.005154794443831268,1.0697806190259276,1.1074529652194323
2023-12-18,564.166748046875,0,0,0.0,0.0,1.0697806190259276,1.1074529652194323
2023-12-19,564.166748046875,0,0,0.0,0.0,1.0697806190259276,1.1074529652194323
2023-12-20,564.166748046875,0,0,0.0,0.0,1.0697806190259276,1.1074529652194323
2023-12-21,556.45166015625,0,0,-0.0,-0.013675190743400512,1.0697806190259276,1.092308334680712
2023-12-22,561.2734985351562,0,0,0.0,0.008665332003057191,1.0697806190259276,1.101773549050427
2023-12-25,560.3091430664062,0,0,-0.0,-0.0017181560705553656,1.0697806190259276,1.0998805301387486
2023-12-26,565.1311645507812,1,0,0.0,0.00860600178320392,1.0697806190259276,1.109346103942434
2023-12-27,570.91748046875,1,1,0.010238890156709424,0.010238890156709424,1.0807339852759106,1.120704576846474
2023-12-28,571.8818969726562,0,1,0.0016892397533780912,0.0016892397533780912,1.0825596040866654,1.122597715569476
2023-12-29,571.8818969726562,0,0,0.0,0.0,1.0825596040866654,1.122597715569476
2024-01-02,571.8818969726562,0,0,0.0,0.0,1.0825596040866654,1.122597715569476
2024-01-03,557.416015625,0,0,-0.0,-0.025295225157910384,1.0825596040866654,1.0942013535923902
2024-01-04,559.3448486328125,0,0,0.0,0.0034603114258384693,1.0825596040866654,1.0979876310383938
2024-01-05,555.4871826171875,1,0,-0.0,-0.0068967579214399555,1.0825596040866654,1.0904150761463867
2024-01-08,562.238037109375,0,1,0.012153033775470279,0.012153033775470279,1.0957159875190903,1.1036669273960757
2024-01-09,565.1311645507812,0,0,0.0,0.005145734102731003,1.0957159875190903,1.1093461039424342
2024-01-10,563.202392578125,0,0,-0.0,-0.003412963385569845,1.0957159875190903,1.1055599463077541
2024-01-11,565.1311645507812,1,0,0.0,0.003424651596075634,1.0957159875190903,1.1093461039424342
2024-01-12,563.202392578125,0,1,-0.003412963385569845,-0.003412963385569845,1.0919763489727041,1.1055599463077541
2024-01-15,565.1311645507812,0,0,0.0,0.003424651596075634,1.0919763489727041,1.1093461039424342
2024-01-16,559.3448486328125,1,0,-0.0,-0.010238890156709424,1.0919763489727041,1.097987631038394
2024-01-17,560.3091430664062,0,1,0.0017239712423395837,0.0017239712423395837,1.093858884795648,1.0998805301387489
2024-01-18,567.059814453125,0,0,0.0,0.01204811927532412,1.093858884795648,1.1131320219544671
2024-01-19,603.7066650390625,1,0,0.0,0.06462607585988067,1.093858884795648,1.185069376447359
2024-01-22,603.7066650390625,0,1,0.0,0.0,1.093858884795648,1.185069376447359
2024-01-23,605.635498046875,0,0,0.0,0.0031949837885054677,1.093858884795648,1.1888556538933626
2024-01-24,604.6710205078125,0,0,-0.0,-0.001592504967381947,1.093858884795648,1.1869623953590374
2024-01-25,619.1367797851562,1,0,0.0,0.023923354661837815,1.093858884795648,1.2153585177134762
2024-01-26,621.0656127929688,0,1,0.003115358464864215,0.003115358464864215,1.0972666473317632,1.2191447951594798
2024-01-29,624.9232177734375,0,0,0.0,0.006211268022263905,1.0972666473317632,1.2267172302401634
2024-01-30,619.1367797851562,0,0,-0.0,-0.009259438317715252,1.0972666473317632,1.2153585177134762
2024-01-31,605.635498046875,1,0,-0.0,-0.02180662202456507,1.0972666473317632,1.1888556538933628
2024-02-01,605.635498046875,0,1,0.0,0.0,1.0972666473317632,1.1888556538933628
2024-02-02,612.38623046875,0,0,0.0,0.01114652698470553,1.0972666473317632,1.2021072655204048
2024-02-05,622.9943237304688,1,0,0.0,0.017322553535533913,1.0972666473317632,1.2229308329828363
2024-02-15,672.1781616210938,1,1,0.07894748959527242,0.07894748959527242,1.183893094555227,1.3194781521954866
2024-02-16,658.6767578125,0,1,-0.02008604947240833,-0.02008604947240833,1.1601133592879482,1.292975048752726
2024-02-19,653.8547973632812,0,0,-0.0,-0.007320677998769454,1.1601133592879482,1.283509594760364
2024-02-20,662.5341796875,0,0,0.0,0.013274173959140434,1.1601133592879482,1.300547124399439
2024-02-21,656.7479248046875,0,0,-0.0,-0.00873351905488362,1.1601133592879482,1.2891887713067225
2024-02-22,667.3562622070312,0,0,0.0,0.01615282972610621,1.1601133592879482,1.3100128180144481
2024-02-23,672.1781616210938,0,0,0.0,0.007225375241278087,1.1601133592879482,1.3194781521954866
2024-02-26,673.142578125,0,0,0.0,0.001434763220483637,1.1601133592879482,1.3213712909184885
2024-02-27,673.142578125,0,0,0.0,0.0,1.1601133592879482,1.3213712909184885
2024-02-29,665.427490234375,1,0,-0.0,-0.011461298306392864,1.1601133592879482,1.3062266603797683
2024-03-01,664.4630737304688,0,1,-0.001449318698219959,-0.001449318698219959,1.1584319853042775,1.3043335216567664
2024-03-04,699.1809692382812,1,0,0.0,0.05224954836526452,1.1584319853042775,1.3724843590810074
2024-03-05,704.0030517578125,0,1,0.00689675882452101,0.00689675882452101,1.166421411321532,1.3819500526960165
2024-03-06,708.8248901367188,0,0,0.0,0.006849172552401139,1.166421411321532,1.3914152670657314
2024-03-07,732.9345703125,0,0,0.0,0.03401359138380555,1.166421411321532,1.4387422974048938
2024-03-08,756.0799560546875,1,0,0.0,0.03157906132374011,1.166421411321532,1.4841764286437016
2024-03-11,738.7208251953125,0,1,-0.022959385076092964,-0.022959385076092964,1.1396410929780012,1.4501006504976104
2024-03-12,742.5785522460938,0,0,0.0,0.005222171785615126,1.1396410929780012,1.457673325200941
2024-03-13,751.2579956054688,1,0,0.0,0.011688249456063726,1.1396410929780012,1.4747109746513396
2024-03-14,756.0799560546875,0,1,0.006418514647997142,0.006418514647997142,1.14695589602674,1.4841764286437014
2024-03-15,726.183837890625,1,0,-0.0,-0.03954094791781537,1.14695589602674,1.4254906857778515
2024-03-18,740.2325439453125,0,1,0.019345936003609454,0.019345936003609454,1.169144831390236,1.4530681373586511
2024-03-19,738.2947998046875,0,0,-0.0,-0.002617750538631003,1.169144831390236,1.449264367459413
2024-03-20,734.419189453125,0,0,-0.0,-0.00524940762495929,1.169144831390236,1.4416565880382897
2024-03-21,759.6103515625,0,0,0.0,0.03430079506519057,1.169144831390236,1.4911065552189728
2024-03-22,760.579345703125,0,0,0.0,0.0012756463081786684,1.169144831390236,1.493008679791239
2024-03-25,755.7348022460938,0,0,-0.0,-0.006369543801577504,1.169144831390236,1.4834988956091733
2024-03-26,757.672607421875,1,0,0.0,0.002564133833749649,1.169144831390236,1.487302785319735
2024-03-27,754.765869140625,0,1,-0.003836404078459088,-0.003836404078459088,1.1646595193907812,1.4815968908482307
2024-03-28,745.0769653320312,1,0,-0.0,-0.012836966011228745,1.1646595193907812,1.4625776819180698
2024-03-29,751.8591918945312,1,1,0.009102719421043348,0.009102719421043348,1.1752610882168426,1.47589111618805
2024-04-01,746.0459594726562,1,1,-0.007731810004512729,-0.007731810004512729,1.166174192777053,1.4644798064903357
2024-04-02,765.4237670898438,1,1,0.02597401322417814,0.02597401322417814,1.1964644166819394,1.5025182243506576
2024-04-03,755.7348022460938,0,1,-0.012658301532218696,-0.012658301532218696,1.1813192093230092,1.4834988956091733
2024-04-08,758.6414794921875,1,0,0.0,0.0038461603692920843,1.1813192093230092,1.4892046702693538
2024-04-09,793.5215454101562,1,1,0.04597700872000354,0.04597700872000354,1.235632732911161,1.5576738463801978
2024-04-10,789.6461181640625,0,1,-0.004883833675984994,-0.004883833675984994,1.22959810815902,1.550066426393045
2024-04-11,794.490478515625,0,0,0.0,0.006134849827193145,1.22959810815902,1.5595758511411404
2024-04-12,792.5527954101562,0,0,-0.0,-0.002438900349175932,1.22959810815902,1.555772201053226
2024-04-15,780.926025390625,0,0,-0.0,-0.01467002587949262,1.22959810815902,1.53294898260118
2024-04-16,763.4859619140625,1,0,-0.0,-0.022332542276125134,1.22959810815902,1.4987143346400962
2024-04-17,778.98828125,0,1,0.020304655369265845,0.020304655369265845,1.2545646739878902,1.5291452127019418
2024-04-18,778.98828125,0,0,0.0,0.0,1.2545646739878902,1.5291452127019418
2024-04-19,726.6680908203125,1,0,-0.0,-0.06716428435320254,1.2545646739878902,1.4264412688186903
2024-04-22,718.9170532226562,1,1,-0.010666544596593441,-0.010666544596593441,1.2411828039434876,1.4112260694104144
2024-04-23,730.5435791015625,0,1,0.016172277214441477,0.016172277214441477,1.2612555563226595,1.4340488086171663
2024-04-24,758.6414794921875,1,0,0.0,0.03846163486260523,1.2612555563226595,1.4892046702693538
2024-04-25,742.1703491210938,1,1,-0.021711349585207262,-0.021711349585207262,1.233871996023053,1.4568720270692126
2024-04-26,757.672607421875,0,1,0.020887735974819854,0.020887735974819854,1.2596447885027067,1.487302785319735
2024-04-29,770.2681884765625,0,0,0.0,0.016624041744819573,1.2596447885027067,1.5120277689100765
2024-04-30,765.4237670898438,0,0,-0.0,-0.006289265815715539,1.2596447885027067,1.5025182243506576
2024-05-02,747.9837036132812,0,0,-0.0,-0.022784847069578174,1.2596447885027067,1.4682835763895739
2024-05-03,755.7348022460938,1,0,0.0,0.010362657094491912,1.2596447885027067,1.4834988956091733
2024-05-06,761.548095703125,0,1,0.0076922399759198345,0.0076922399759198345,1.2693342785002864,1.494910325118211
2024-05-07,775.1127319335938,1,0,0.0,0.017811923248189254,1.2693342785002864,1.5215375530921422
2024-05-08,777.0504150390625,0,1,0.002499872632249156,0.002499872632249156,1.272507452524285,1.5253412031800566
2024-05-09,771.237060546875,0,0,-0.0,-0.0074813092943206705,1.272507452524285,1.5139296538596954
2024-05-10,777.0504150390625,0,0,0.0,0.007537701168127686,1.272507452524285,1.5253412031800566
2024-05-13,793.5215454101562,1,0,0.0,0.02119699063575653,1.272507452524285,1.5576738463801978
2024-05-14,799.3349609375,0,1,0.007326096639680868,0.007326096639680868,1.281829965096192,1.5690855155118826
2024-05-15,812.8994140625,0,0,0.0,0.016969673275757824,1.281829965096192,1.5957123840518432
2024-05-16,814.837158203125,0,0,0.0,0.0023837440488989614,1.281829965096192,1.5995161539510812
2024-05-17,809.0238647460938,0,0,-0.0,-0.0071343008827072785,1.281829965096192,1.5881047244420434
2024-05-20,809.0238647460938,0,0,0.0,0.0,1.281829965096192,1.5881047244420434
2024-05-21,814.837158203125,0,0,0.0,0.007185564864462535,1.281829965096192,1.5995161539510812
2024-05-22,837.1216430664062,1,0,0.0,0.027348390582018656,1.281829965096192,1.6432603464715836
2024-05-23,847.7794189453125,1,1,0.012731454224342409,0.012731454224342409,1.2981495246202046,1.6641814403513635
2024-05-24,840.0283203125,0,1,-0.009142824724921117,-0.009142824724921117,1.2862807710498625,1.6489661211317643
2024-05-27,841.9661865234375,0,0,0.0,0.0023069058079097093,1.2862807710498625,1.6527701306536495
2024-05-28,838.0905151367188,0,0,-0.0,-0.004603119993122018,1.2862807710498625,1.6451622314212029
2024-05-29,830.33935546875,0,0,-0.0,-0.009248594904697538,1.2862807710498625,1.62994679239028
2024-05-30,811.9304809570312,1,0,-0.0,-0.02217030228722139,1.2862807710498625,1.5938103792909006
2024-05-31,795.4594116210938,1,1,-0.020286304951284584,-0.020286304951284584,1.2601868870753714,1.5614778559020828
2024-06-03,819.6817016601562,1,1,0.030450692625157316,0.030450692625157316,1.2985604506239574,1.6090259381331469
2024-06-04,812.8994140625,0,1,-0.008274294258270753,-0.008274294258270753,1.287815779343342,1.595712384051843
2024-06-05,827.4328002929688,1,0,0.0,0.017878455783154612,1.287815779343342,1.624241257352746
2024-06-06,866.1883544921875,1,1,0.04683831023558227,0.04683831023558227,1.3481348943425036,1.7003179732620661
2024-06-07,851.6549682617188,0,1,-0.016778551864725877,-0.016778551864725877,1.325515143097131,1.6717890999611629
2024-06-11,855.5305786132812,1,0,0.0,0.004550681315783178,1.325515143097131,1.6793968793822862
2024-06-12,880.7217407226562,1,1,0.0294450750669919,0.0294450750669919,1.3645450359880607,1.7288468465629696
2024-06-13,893.8521118164062,1,1,0.014908648766835508,0.014908648766835508,1.3848885586561355,1.7546216169700282
2024-06-14,896.7699584960938,0,1,0.003264350602425914,0.003264350602425914,1.3894093204568774,1.7603493171024138
2024-06-17,895.79736328125,0,0,-0.0,-0.0010845537427177643,1.3894093204568774,1.7584401236620597
2024-06-18,917.1953735351562,0,0,0.0,0.02388711011107092,1.3894093204568774,1.8004441765197006
2024-06-19,954.155517578125,1,0,0.0,0.0402969150405903,1.3894093204568774,1.8729965225362406
2024-06-20,954.155517578125,0,1,0.0,0.0,1.3894093204568774,1.8729965225362406
2024-06-21,943.4564819335938,1,0,-0.0,-0.011213094141810265,1.3894093204568774,1.8519944362017584
2024-06-24,914.2774047851562,1,1,-0.030927846389518288,-0.030927846389518288,1.346437882421622,1.7947162367646678
2024-06-25,919.1406860351562,0,1,0.0053192622113884536,0.0053192622113884536,1.3535999385695694,1.8042628030230554
2024-06-26,933.7302856445312,0,0,0.0,0.01587308649376551,1.3535999385695694,1.8329020225529242
2024-06-27,933.7302856445312,0,0,0.0,0.0,1.3535999385695694,1.8329020225529242
2024-06-28,939.56591796875,0,0,0.0,0.006249805124603602,1.3535999385695694,1.8443573030063718
2024-07-01,941.5112915039062,0,0,0.0,0.002070502450069567,1.3535999385695694,1.8481760493210502
2024-07-02,933.7302856445312,0,0,-0.0,-0.008264378695815866,1.3535999385695694,1.8329020225529242
2024-07-03,952.210205078125,0,0,0.0,0.019791496235808115,1.3535999385695694,1.8691778960328855
2024-07-04,977.498779296875,0,0,0.0,0.026557764329647293,1.3535999385695694,1.9188190820859128
2024-07-05,977.498779296875,0,0,0.0,0.0,1.3535999385695694,1.9188190820859128
2024-07-08,1006.677978515625,0,0,0.0,0.02985088046835105,1.3535999385695694,1.9760975211456504
2024-07-09,1011.5410766601562,0,0,0.0,0.004830837912737529,1.3535999385695694,1.9856437279700674
2024-07-10,1016.4041748046875,0,0,0.0,0.004807613113041231,1.3535999385695694,1.9951899347944844
2024-07-11,1050.446533203125,0,0,0.0,0.03349293444704626,1.3535999385695694,2.0620147004899625
2024-07-12,1011.5410766601562,1,0,-0.0,-0.03703706501304205,1.3535999385695694,1.9856437279700674
2024-07-15,1011.5410766601562,0,1,0.0,0.0,1.3535999385695694,1.9856437279700674
2024-07-16,1026.1304931640625,0,0,0.0,0.014422960016687192,1.3535999385695694,2.0142825880659654
2024-07-17,1001.814697265625,1,0,-0.0,-0.023696592256468252,1.3535999385695694,1.9665509548872626
2024-07-18,977.498779296875,1,1,-0.024271871869237294,-0.024271871869237294,1.3207455342984014,1.9188190820859128
2024-07-19,943.4564819335938,1,1,-0.0348259231461836,-0.0348259231461836,1.27474935182526,1.8519944362017582
2024-07-22,913.3047485351562,1,1,-0.03195879616688013,-0.03195879616688013,1.234009897126414,1.7928069235129902
2024-07-23,952.210205078125,1,1,0.042598548409355175,0.042598548409355175,1.2865769274667769,1.8691778960328855
2024-07-26,898.71533203125,1,1,-0.05617968885608193,-0.05617968885608193,1.2142974359922794,1.7641680634170922
2024-07-29,918.1680297851562,1,1,0.02164500488707577,0.02164500488707577,1.2405809099286957,1.8023534897713782
2024-07-30,914.2774047851562,0,1,-0.004237377989419144,-0.004237377989419144,1.2353240996868704,1.7947162367646683
2024-07-31,908.4417114257812,0,0,-0.0,-0.006382847622430687,1.2353240996868704,1.7832608364998972
2024-08-01,933.7302856445312,0,0,0.0,0.027837310749481148,1.2353240996868704,1.8329020225529244
2024-08-02,878.2899169921875,1,0,-0.0,-0.059375142377517065,1.2353240996868704,1.7240732039998055
2024-08-05,792.6980590820312,1,1,-0.097452852701846,-0.097452852701846,1.1149382421610452,1.5560573520032128
2024-08-06,855.9193725585938,0,1,0.07975459603089563,0.07975459603089563,1.2038596912639963,1.6801600775131342
2024-08-07,894.8248901367188,0,0,0.0,0.04545465241874935,1.2038596912639963,1.7565311698443526
2024-08-08,871.4814453125,0,0,-0.0,-0.026087165300746284,1.2038596912639963,1.7107082508607099
2024-08-09,908.4417114257812,0,0,0.0,0.042410846854034734,1.2038596912639963,1.783260836499897
2024-08-12,914.2774047851562,0,0,0.0,0.0064238500786319985,1.2038596912639963,1.7947162367646683
2024-08-13,915.2501831054688,0,0,0.0,0.0010639859578953637,1.2038596912639963,1.7966257896389928
2024-08-14,922.0585327148438,0,0,0.0,0.007438785301603579,1.2038596912639963,1.8099905031554413
2024-08-15,917.1953735351562,0,0,-0.0,-0.005274241284193515,1.2038596912639963,1.8004441765197006
2024-08-16,942.4839477539062,1,0,0.0,0.02757163298946863,1.2038596912639963,1.8500853625727278
2024-08-19,946.3744506835938,0,1,0.004127924872311395,0.004127924872311395,1.2088291336263381,1.8577223759567911
2024-08-20,946.3744506835938,0,0,0.0,0.0,1.2088291336263381,1.8577223759567911
2024-08-21,931.784912109375,0,0,-0.0,-0.015416243077653102,1.2088291336263381,1.829083276238246
2024-08-22,924.9765014648438,0,0,-0.0,-0.007306847917421644,1.2088291336263381,1.8157184429104738
2024-08-23,923.03125,0,0,-0.0,-0.002103027981535943,1.2088291336263381,1.8118999362184423
2024-08-26,924.0037841796875,0,0,0.0,0.0010536308274367023,1.2088291336263381,1.8138090098474726
2024-08-27,916.2228393554688,0,0,-0.0,-0.008420901469712638,1.2088291336263381,1.79853510289067
2024-08-28,937.6207885742188,1,0,0.0,0.023354525012498906,1.2088291336263381,1.8405390359369875
2024-08-29,917.1953735351562,0,1,-0.021784302660484034,-0.021784302660484034,1.1824956339146113,1.8004441765197008
2024-08-30,918.1680297851562,0,0,0.0,0.0010604678981873672,1.1824956339146113,1.8023534897713782
2024-09-02,922.0585327148438,0,0,0.0,0.00423724503955758,1.1824956339146113,1.8099905031554413
2024-09-03,914.2774047851562,0,0,-0.0,-0.008438865488048064,1.1824956339146113,1.794716236764668
2024-09-04,864.673095703125,1,0,-0.0,-0.05425520615779367,1.1824956339146113,1.6973435373442614
2024-09-05,877.3173828125,0,1,0.014623199417455046,0.014623199417455046,1.1997875033796146,1.722164130370775
2024-09-06,892.8794555664062,0,0,0.0,0.017738247364958548,1.1997875033796146,1.7527123037183505
2024-09-09,874.3994140625,0,0,-0.0,-0.020697129258263947,1.1997875033796146,1.7164361906157422
2024-09-10,879.2625732421875,0,0,0.0,0.00556171367623981,1.1997875033796146,1.7259825172514827
2024-09-11,876.3447265625,1,0,-0.0,-0.003318515729525795,1.1997875033796146,1.720254817119097
2024-09-12,918.3546142578125,1,1,0.04793762822091496,0.04793762822091496,1.2573024706607263,1.8027197529873904
2024-09-13,925.1934814453125,0,1,0.0074468697399936445,0.0074468697399936445,1.266665438383509,1.816144372165601
2024-09-16,925.1934814453125,0,0,0.0,0.0,1.266665438383509,1.816144372165601
2024-09-18,919.3316650390625,1,0,-0.0,-0.006335773569321801,1.266665438383509,1.8046376926543617
2024-09-19,937.8941650390625,1,1,0.02019129842461287,0.02019129842461287,1.2922410582540536,1.8410756708550506
2024-09-20,950.5947875976562,1,1,0.013541637246527571,0.013541637246527571,1.3097401178999988,1.8660068497331772
2024-09-23,954.5026245117188,0,1,0.004110938714421586,0.004110938714421586,1.315124379256505,1.8736778895331212
2024-09-24,964.2723388671875,1,0,0.0,0.010235398106387184,1.315124379256505,1.892855728655628
2024-09-25,981.85791015625,1,1,0.018237141708038473,0.018237141708038473,1.339108488924702,1.9273760068119932
2024-09-26,991.6276245117188,0,1,0.0099502323650007,0.0099502323650007,1.3524329295514477,1.9465538459344998
2024-09-27,976.97314453125,0,0,-0.0,-0.014778208692688088,1.3524329295514477,1.9177872669677252
2024-09-30,934.9631958007812,1,0,-0.0,-0.04300010595544579,1.3524329295514477,1.8353222112881082
2024-10-01,949.6178588867188,0,1,0.01567405342986361,0.01567405342986361,1.373631035549544,1.8640891496888534
2024-10-04,954.5026245117188,1,0,0.0,0.005143927717120578,1.373631035549544,1.8736778895331216
2024-10-07,981.85791015625,0,1,0.028659204220129908,0.028659204220129908,1.4129982079204668,1.9273760068119934
2024-10-08,986.7427978515625,0,0,0.0,0.004975147263961199,1.4129982079204668,1.9369649862789085
2024-10-09,996.5125732421875,0,0,0.0,0.00990103541864884,1.4129982079204668,1.9561429452127386
2024-10-11,1020.9367065429688,0,0,0.0,0.024509608766215996,1.4129982079204668,2.0040872434906962
2024-10-14,1020.9367065429688,0,0,0.0,0.0,1.4129982079204668,2.0040872434906962
2024-10-15,1045.3612060546875,0,0,0.0,0.023923617747493298,1.4129982079204668,2.052032260636595
2024-10-16,1020.9367065429688,0,0,-0.0,-0.023364650773582407,1.4129982079204668,2.0040872434906962
2024-10-17,1011.1671752929688,1,0,-0.0,-0.009569184051654855,1.4129982079204668,1.9849097638021602
2024-10-18,1060.0157470703125,1,1,0.04830909563810826,0.04830909563810826,1.4812588734833723,2.0807989594146936
2024-10-21,1060.0157470703125,0,1,0.0,0.0,1.4812588734833723,2.0807989594146936
2024-10-22,1050.245849609375,0,0,-0.0,-0.009216747475629172,1.4812588734833723,2.0616207608582164
2024-10-23,1035.5914306640625,0,0,-0.0,-0.013953322406142332,1.4812588734833723,2.0328543017027654
2024-10-24,1035.5914306640625,0,0,0.0,0.0,1.4812588734833723,2.0328543017027654
2024-10-25,1040.476318359375,0,0,0.0,0.004717002816622573,1.4812588734833723,2.0424432811696804
2024-10-28,1025.82177734375,1,0,-0.0,-0.014084454164927429,1.4812588734833723,2.013676582391582
2024-10-29,1016.052001953125,0,1,-0.009523852589601645,-0.009523852589601645,1.4671515823252772,1.9944986234577515
2024-10-30,1006.2822875976562,0,0,-0.0,-0.009615368442450478,1.4671515823252772,1.975320784335245
2024-11-01,1001.3973388671875,1,0,-0.0,-0.004854451668955484,1.4671515823252772,1.9657316850570064
2024-11-04,1016.052001953125,1,1,0.014634214129743306,0.014634214129743306,1.488622192741817,1.9944986234577518
2024-11-05,1025.82177734375,1,1,0.009615428513348512,0.009615428513348512,1.50293593301951,2.013676582391582
2024-11-06,1035.5914306640625,1,1,0.009523733592018191,0.009523733592018191,1.5172494944514592,2.032854301702765
2024-11-07,1040.476318359375,1,1,0.004717002816622573,0.004717002816622573,1.5244063645903059,2.04244328116968
2024-11-08,1064.9005126953125,1,1,0.023474051167689858,0.023474051167689858,1.5601903575930507,2.0903876992589616
2024-11-11,1060.0157470703125,0,1,-0.004587062891571403,-0.004587062891571403,1.553033666299948,2.0807989594146936
2024-11-12,1025.82177734375,1,0,-0.0,-0.032257982790414474,1.553033666299948,2.013676582391582
2024-11-13,1011.1671752929688,1,1,-0.01428571938561074,-0.01428571938561074,1.5308474631467808,1.98490976380216
2024-11-14,1011.1671752929688,1,1,0.0,0.0,1.5308474631467808,1.98490976380216
2024-11-15,1011.1671752929688,1,1,0.0,0.0,1.5308474631467808,1.98490976380216
2024-11-18,1001.3973388671875,1,1,-0.009661939849808343,-0.009661939849808343,1.516056507038625,1.9657316850570064
2024-11-19,1016.052001953125,1,1,0.014634214129743306,0.014634214129743306,1.538242802595419,1.9944986234577518
2024-11-20,1001.3973388671875,1,1,-0.014423142770022879,-0.014423142770022879,1.5160565070386252,1.9657316850570066
2024-11-21,986.7427978515625,1,1,-0.014634092229766305,-0.014634092229766305,1.4938703962890845,1.9369649862789085
2024-11-22,1016.052001953125,0,1,0.02970298254558079,0.02970298254558079,1.538242802595419,1.994498623457752
2024-11-25,1006.2822875976562,1,0,-0.0,-0.009615368442450478,1.538242802595419,1.9753207843352454
2024-11-26,986.7427978515625,1,1,-0.019417503405273373,-0.019417503405273373,1.5083739677378851,1.9369649862789085
2024-11-27,976.97314453125,0,1,-0.009900911708283,-0.009900911708283,1.4934396902602398,1.9177872669677254
2024-11-28,981.85791015625,0,0,0.0,0.004999897543083165,1.4934396902602398,1.9273760068119934
2024-11-29,973.0651245117188,0,0,-0.0,-0.008955252642545819,1.4934396902602398,1.9101158677338108
2024-12-02,1011.1671752929688,0,0,0.0,0.03915673249554552,1.4934396902602398,1.9849097638021604
2024-12-03,1030.70654296875,0,0,0.0,0.019323577894149846,1.4934396902602398,2.02326532223585
2024-12-04,1045.3612060546875,0,0,0.0,0.014218075150398857,1.4934396902602398,2.052032260636595
2024-12-05,1050.245849609375,0,0,0.0,0.004672684930716597,1.4934396902602398,2.061620760858216
2024-12-06,1040.476318359375,0,0,-0.0,-0.009302137450610926,1.4934396902602398,2.04244328116968
2024-12-09,1050.245849609375,0,0,0.0,0.009389479681195079,1.4934396902602398,2.061620760858216
2024-12-10,1040.476318359375,0,0,-0.0,-0.009302137450610926,1.4934396902602398,2.04244328116968
2024-12-11,1020.9367065429688,0,0,-0.0,-0.018779487309443343,1.4934396902602398,2.0040872434906962
2024-12-12,1039.5703125,0,0,0.0,0.018251480074731763,1.4934396902602398,2.040664801883291
2024-12-13,1044.473876953125,0,0,0.0,0.004716914665764849,1.4934396902602398,2.0502904436152045
2024-12-16,1064.08837890625,1,0,0.0,0.01877931309334735,1.4934396902602398,2.0887934897881526
2024-12-17,1054.281005859375,0,1,-0.009216690306265485,-0.009216690306265485,1.479675119144026,2.0695417270790317
2024-12-18,1064.08837890625,0,0,0.0,0.0093024279033469,1.479675119144026,2.0887934897881526
2024-12-19,1049.3775634765625,0,0,-0.0,-0.013824806022981306,1.479675119144026,2.059916324969765
2024-12-20,1015.0521850585938,1,0,-0.0,-0.03271022710286431,1.479675119144026,1.9925359941671066
2024-12-23,1059.1849365234375,0,1,0.04347830792787888,0.04347830792787888,1.544008889607391,2.0791680876788865
2024-12-24,1059.1849365234375,0,0,0.0,0.0,1.544008889607391,2.0791680876788865
2024-12-25,1064.08837890625,0,0,0.0,0.004629448752270893,1.544008889607391,2.088793489788153
2024-12-26,1064.08837890625,0,0,0.0,0.0,1.544008889607391,2.088793489788153
2024-12-27,1068.991943359375,1,0,0.0,0.004608230434924199,1.544008889607391,2.098419131520066
2024-12-30,1068.991943359375,0,1,0.0,0.0,1.544008889607391,2.098419131520066
2024-12-31,1054.281005859375,0,0,-0.0,-0.0137615045570596,1.544008889607391,2.0695417270790317
2025-01-02,1044.473876953125,0,0,-0.0,-0.00930219633261431,1.544008889607391,2.050290443615205
2025-01-03,1054.281005859375,0,0,0.0,0.009389539674135916,1.544008889607391,2.0695417270790317
2025-01-06,1103.317626953125,1,0,0.0,0.04651190794600235,1.544008889607391,2.1658000613793424
2025-01-07,1108.220947265625,0,1,0.004444160224323479,0.004444160224323479,1.5508707125005858,2.175425223865962
2025-01-08,1083.7030029296875,0,0,-0.0,-0.022123696900362644,1.5508707125005858,2.1272967755837477
2025-01-09,1078.79931640625,0,0,-0.0,-0.004524935808224995,1.5508707125005858,2.117670894229187
2025-01-10,1078.79931640625,0,0,0.0,0.0,1.5508707125005858,2.117670894229187
2025-01-13,1054.281005859375,1,0,-0.0,-0.022727406454568055,1.5508707125005858,2.0695417270790317
2025-01-14,1068.991943359375,0,1,0.013953526069654165,0.013953526069654165,1.5725108274181259,2.098419131520066
2025-01-15,1044.473876953125,0,0,-0.0,-0.022935688672451993,1.5725108274181259,2.050290443615205
2025-01-16,1083.7030029296875,1,0,0.0,0.037558743059232125,1.5725108274181259,2.1272967755837473
2025-01-17,1098.413818359375,1,1,0.013574582140972513,0.013574582140972513,1.5938570048124818,2.1561739404021347
2025-01-20,1098.413818359375,0,1,0.0,0.0,1.5938570048124818,2.1561739404021347
2025-01-21,1098.413818359375,0,0,0.0,0.0,1.5938570048124818,2.1561739404021347
2025-01-22,1113.124755859375,1,0,0.0,0.0133928918720021,1.5938570048124818,2.185051344843169
2025-02-03,1049.3775634765625,1,1,-0.05726868623418335,-0.05726868623418335,1.5025789081017205,2.059916324969765
2025-02-04,1073.895751953125,0,1,0.023364506093816573,0.023364506093816573,1.5376859221565033,2.1080452524972735
2025-02-05,1088.6065673828125,0,0,0.0,0.013698550723319824,1.5376859221565033,2.136922417315661
2025-02-06,1093.51025390625,0,0,0.0,0.004504553500193076,1.5376859221565033,2.146548298670221
2025-02-07,1103.317626953125,0,0,0.0,0.008968706979967545,1.5376859221565033,2.165800061379342
2025-02-10,1083.7030029296875,0,0,-0.0,-0.017777857929818786,1.5376859221565033,2.1272967755837473
2025-02-11,1088.6065673828125,0,0,0.0,0.004524823166373704,1.5376859221565033,2.136922417315661
2025-02-12,1078.79931640625,0,0,-0.0,-0.009008994865923659,1.5376859221565033,2.117670894229187
2025-02-13,1068.991943359375,1,0,-0.0,-0.009091007843373355,1.5376859221565033,2.098419131520066
2025-02-14,1039.5703125,1,1,-0.027522780730148133,-0.027522780730148133,1.4953645296891542,2.0406648018832914
2025-02-17,1064.08837890625,1,1,0.02358480817645514,0.02358480817645514,1.530632415275748,2.0887934897881526
2025-02-18,1078.79931640625,0,1,0.013824920741189795,0.013824920741189795,1.551793287100831,2.117670894229187
2025-02-19,1068.991943359375,0,0,-0.0,-0.009091007843373355,1.551793287100831,2.098419131520066
2025-02-20,1059.1849365234375,1,0,-0.0,-0.009174069923406858,1.551793287100831,2.0791680876788865
2025-02-21,1073.895751953125,0,1,0.013888807253974678,0.013888807253974678,1.5733458449633864,2.1080452524972735
2025-02-24,1054.281005859375,0,0,-0.0,-0.01826503741920582,1.5733458449633864,2.0695417270790317
2025-02-25,1034.6666259765625,0,0,-0.0,-0.018604508450594914,1.5733458449633864,2.031038920528731
2025-02-26,1039.5703125,0,0,0.0,0.00473938793455253,1.5733458449633864,2.040664801883292
2025-02-27,1019.9557495117188,0,0,-0.0,-0.01886795222259796,1.5733458449633864,2.0021616358990206
2025-03-03,1000.3412475585938,1,0,-0.0,-0.019230738159488836,1.5733458449633864,1.9636585897260728
2025-03-04,980.7267456054688,0,1,-0.019607810835547967,-0.019607810835547967,1.5424959772564488,1.9251555435531251
2025-03-05,1000.3412475585938,0,0,0.0,0.019999966393305257,1.5424959772564488,1.963658589726073
2025-03-06,985.6303100585938,0,0,-0.0,-0.014705919140996282,1.5424959772564488,1.9347811852850385
2025-03-07,985.6303100585938,0,0,0.0,0.0,1.5424959772564488,1.9347811852850385
2025-03-10,978.7651977539062,0,0,-0.0,-0.006965200070074284,1.5424959772564488,1.9213050472377127
2025-03-11,952.28564453125,0,0,-0.0,-0.02705404042095305,1.5424959772564488,1.8693259828287625
2025-03-12,968.9579467773438,1,0,0.0,0.01750766940763926,1.5424959772564488,1.9020535241512389
2025-03-13,946.4011840820312,1,1,-0.023279403167427493,-0.023279403167427493,1.506587591517761,1.857774853316496
2025-03-14,940.516845703125,1,1,-0.006217594058289144,-0.006217594058289144,1.4972202414604479,1.8462239634268762
2025-03-17,951.3048095703125,1,1,0.0114702505505071,0.0114702505505071,1.51439373275929,1.8674006148597329
2025-03-18,956.7240600585938,1,1,0.0056966499420192385,0.0056966499420192385,1.5230207037292076,1.8780385424641002
2025-03-19,938.00341796875,1,1,-0.01956744151359302,-0.01956744151359302,1.4932190851849951,1.8412901331241605
2025-03-20,970.5181884765625,1,1,0.03466380813219572,0.03466380813219572,1.5449797450531806,1.9051162610144814
2025-03-21,957.7093505859375,1,1,-0.013197936981203084,-0.013197936981203084,1.5245891997407335,1.879972656659747
2025-03-24,957.7093505859375,1,1,0.0,0.0,1.5245891997407335,1.879972656659747
2025-03-25,975.4447021484375,1,1,0.018518511437368046,0.018518511437368046,1.55282232227342,1.9147869518040397
2025-03-26,965.5916748046875,1,1,-0.010101061928009303,-0.010101061928009303,1.537137167832941,1.8954455702249229
2025-03-27,943.9151611328125,1,1,-0.022448944245775038,-0.022448944245775038,1.5026300612541508,1.8528948182980423
2025-03-28,938.00341796875,1,1,-0.006263002659018357,-0.006263002659018357,1.4932190851849951,1.8412901331241602
2025-03-31,896.620849609375,1,1,-0.04411771595565095,-0.04411771595565095,1.4273416697252466,1.7600566180390458
2025-04-01,930.1209716796875,1,1,0.037362640055612406,0.037362640055612406,1.4806709227675678,1.825816979936337
2025-04-02,928.1504516601562,1,1,-0.002118563154180575,-0.002118563154180575,1.4775340279071258,1.8219488713563667
2025-04-07,835.5324096679688,1,1,-0.09978774650868749,-0.09978774650868749,1.3300942368723696,1.6401406992296683
2025-04-08,804.0029296875,1,1,-0.037735795303258435,-0.037735795303258435,1.2799020730157102,1.5782486855349944
2025-04-09,773.4586791992188,1,1,-0.037990222871642,-0.037990222871642,1.2312783080079668,1.518290666224644
2025-04-10,850.3118286132812,1,1,0.0993629672546057,0.0993629672546057,1.3536217742078687,1.6691525319756968
2025-04-11,875.9296264648438,1,1,0.030127533205484003,0.030127533205484003,1.3944030591579823,1.7194399803078122
2025-04-14,852.282470703125,1,1,-0.026996638824920316,-0.026996638824920316,1.3567588633935304,1.6730208801783142
2025-04-15,864.1060791015625,1,1,0.013872875255410477,0.013872875255410477,1.3755810098570613,1.696230490148725
2025-04-16,842.4295043945312,1,1,-0.025085548211359665,-0.025085548211359665,1.3410738061156613,1.653679618410521
2025-04-17,834.5471801757812,1,1,-0.00935665735546043,-0.00935665735546043,1.328525838023454,1.638206704845345
2025-04-18,837.5029907226562,1,1,0.003541813593154197,0.003541813593154197,1.333231228895422,1.6440089276209626
2025-04-21,822.7235717773438,1,1,-0.017647004379721443,-0.017647004379721443,1.3097036915599232,1.6149970948749344
2025-04-22,804.0029296875,1,1,-0.02275447395946273,-0.02275447395946273,1.2799020730157107,1.5782486855349946
2025-04-23,860.1649169921875,1,1,0.06985296350414605,0.06985296350414605,1.369307025810958,1.6884940333661371
2025-04-24,851.2971801757812,1,1,-0.010309344918896235,-0.010309344918896235,1.355190367382005,1.6710867659826674
2025-04-25,874.9443359375,1,1,0.027777791718793132,0.027777791718793132,1.392834563146457,1.7175058661121656
2025-04-28,883.81201171875,0,1,0.010135131364383598,0.010135131364383598,1.4069511244128001,1.7349130136843118
2025-04-29,888.738525390625,0,0,0.0,0.005574164648763258,1.4069511244128001,1.7445837044738703
2025-04-30,894.6502685546875,0,0,0.0,0.006651836277114409,1.4069511244128001,1.7561883896477524
2025-05-02,936.03271484375,0,0,0.0,0.04625544499742462,1.4069511244128001,1.8374216651102198
2025-05-05,924.209228515625,0,0,-0.0,-0.01263148834504002,1.4069511244128001,1.814212294762456
2025-05-06,906.4739379882812,0,0,-0.0,-0.019189692095834654,1.4069511244128001,1.7793981194294868
2025-05-07,914.356201171875,0,0,0.0,0.00869552102191351,1.4069511244128001,1.7948709131833394
2025-05-08,904.5032348632812,0,0,-0.0,-0.010775851135439107,1.4069511244128001,1.775529651415546
2025-05-09,935.0475463867188,0,0,0.0,0.033769156754927865,1.4069511244128001,1.83548779053722
2025-05-12,942.9298706054688,0,0,0.0,0.008429864608713755,1.4069511244128001,1.8509607041023959
2025-05-13,954.75341796875,1,0,0.0,0.012539158777194359,1.4069511244128001,1.8741701942614832
2025-05-14,984.3123779296875,0,1,0.03095978438477287,0.03095978438477287,1.4505100278645342,1.9321940993761866
2025-05-15,978.4006958007812,0,0,-0.0,-0.006005900424965072,1.4505100278645342,1.920589534013628
2025-05-16,983.3270263671875,0,0,0.0,0.005035084896760189,1.4505100278645342,1.9302598653692158
2025-05-19,969.5328979492188,0,0,-0.0,-0.014028017178506658,1.4505100278645342,1.9031821468188346
2025-05-20,963.6212158203125,0,0,-0.0,-0.006097453878471604,1.4505100278645342,1.891577581456276
2025-05-21,975.4447021484375,0,0,0.0,0.012269848498571934,1.4505100278645342,1.9147869518040397
2025-05-22,967.5623168945312,0,0,-0.0,-0.00808081199943489,1.4505100278645342,1.8993139184275403
2025-05-23,969.5328979492188,0,0,0.0,0.002036645103141499,1.4505100278645342,1.9031821468188341
2025-05-26,961.6505126953125,0,0,-0.0,-0.008130085395327225,1.4505100278645342,1.8877091134423347
2025-05-27,950.8121948242188,1,0,-0.0,-0.011270537194137287,1.4505100278645342,1.8664336176675709
2025-05-28,952.7828979492188,0,1,0.002072652344729642,0.002072652344729642,1.4535164308748414,1.8703020856815118
2025-05-29,952.7828979492188,1,0,0.0,0.0,1.4535164308748414,1.8703020856815118
2025-06-02,932.0916137695312,1,1,-0.02171668301795049,-0.02171668301795049,1.4219508752841497,1.8296853281389547
2025-06-03,936.03271484375,1,1,0.004228233594206765,0.004228233594206765,1.4279632157443378,1.837421665110219
2025-06-04,975.4447021484375,1,1,0.042105352387460604,0.042105352387460604,1.4880881101395846,1.9147869518040395
2025-06-05,983.3270263671875,0,1,0.008080749427813894,0.008080749427813894,1.5001129772841317,1.9302598653692156
2025-06-06,980.3711547851562,0,0,-0.0,-0.0030059903803838495,1.5001129772841317,1.9244575227822747
2025-06-09,990.2241821289062,1,0,0.0,0.010050303189417242,1.5001129772841317,1.9437989043613915
2025-06-10,1029.635986328125,1,1,0.03980089045541835,0.03980089045541835,1.5598188095637688,2.0211638316212412
2025-06-11,1049.342041015625,0,1,0.01913885581813779,0.01913885581813779,1.5896719568624291,2.0598465947794753
2025-06-12,1034.005126953125,0,0,-0.0,-0.014615743449729601,1.5896719568624291,2.0297404054043793
2025-06-13,1019.1629028320312,0,0,-0.0,-0.014354110762321737,1.5896719568624291,2.000605286806445
2025-06-16,1014.215576171875,0,0,-0.0,-0.0048543041023262345,1.5896719568624291,1.9908937403555649
2025-06-17,1034.005126953125,0,0,0.0,0.019512173985677617,1.5896719568624291,2.0297404054043793
2025-06-18,1043.89990234375,0,0,0.0,0.009569367822944708,1.5896719568624291,2.0491637379287866
2025-06-19,1024.1103515625,0,0,-0.0,-0.0189573260202619,1.5896719568624291,2.010317072879972
2025-06-20,1043.89990234375,1,0,0.0,0.019323650767768097,1.5896719568624291,2.049163737928786
2025-06-23,1009.2681884765625,1,1,-0.03317532053545824,-0.03317532053545824,1.5369340801472888,1.981182074093361
2025-06-24,1038.9525146484375,0,1,0.02941173268988284,0.02941173268988284,1.5821379744745518,2.0394520716665827
2025-06-25,1058.7420654296875,0,0,0.0,0.01904759890585228,1.5821379744745518,2.0782987367153973
2025-06-26,1063.6893310546875,0,0,0.0,0.004672777049802068,1.5821379744745518,2.0880101633549537
2025-06-27,1068.6368408203125,0,0,0.0,0.0046512732817574065,1.5821379744745518,2.0977220692398046
2025-06-30,1048.8472900390625,0,0,-0.0,-0.018518499480196682,1.5821379744745518,2.05887540419099
2025-07-01,1073.584228515625,0,0,0.0,0.023584880955969556,1.5821379744745518,2.107433735502008
2025-07-02,1073.584228515625,0,0,0.0,0.0,1.5821379744745518,2.107433735502008
2025-07-03,1078.5316162109375,0,0,0.0,0.004608290215061039,1.5821379744745518,2.1171454017642115
2025-07-04,1073.584228515625,0,0,-0.0,-0.004587151290653346,1.5821379744745518,2.107433735502008
2025-07-07,1068.6368408203125,0,0,-0.0,-0.0046082902150611504,1.5821379744745518,2.097722069239804
2025-07-08,1068.6368408203125,0,0,0.0,0.0,1.5821379744745518,2.097722069239804
2025-07-09,1078.5316162109375,0,0,0.0,0.009259249740098285,1.5821379744745518,2.1171454017642115
2025-07-10,1088.426513671875,0,0,0.0,0.009174415763257837,1.5821379744745518,2.136568973911266
2025-07-11,1088.426513671875,0,0,0.0,0.0,1.5821379744745518,2.136568973911266
2025-07-14,1083.4791259765625,0,0,-0.0,-0.004545449447590388,1.5821379744745518,2.126857307649062
2025-07-15,1098.3212890625,1,0,0.0,0.013698614703407275,1.5821379744745518,2.1559923064356727
2025-07-16,1118.1107177734375,0,1,0.01801788684969341,0.01801788684969341,1.6106447574792375,2.1948387318618403
2025-07-17,1118.1107177734375,0,0,0.0,0.0,1.6106447574792375,2.1948387318618403
2025-07-18,1142.8477783203125,1,0,0.0,0.02212398124233661,1.6106447574792375,2.2433973027955054
2025-07-21,1137.900390625,0,1,-0.00432899970509093,-0.00432899970509093,1.6036722767991036,2.233685636533302
2025-07-22,1118.1107177734375,1,0,-0.0,-0.01739139296779124,1.6036722767991036,2.1948387318618403
2025-07-23,1132.9530029296875,0,1,0.013274432415607551,0.013274432415607551,1.6249601160542568,2.223973970271098
2025-07-24,1132.9530029296875,0,0,0.0,0.0,1.6249601160542568,2.223973970271098
2025-07-25,1132.9530029296875,0,0,0.0,0.0,1.6249601160542568,2.223973970271098
2025-07-28,1132.9530029296875,0,0,0.0,0.0,1.6249601160542568,2.223973970271098
2025-07-29,1123.05810546875,1,0,-0.0,-0.008733722789339371,1.6249601160542568,2.2045503981240437
2025-07-30,1142.8477783203125,0,1,0.017621236831109943,0.017621236831109943,1.6535939231003567,2.2433973027955054
2025-07-31,1147.795166015625,0,0,0.0,0.004328999705091041,1.6535939231003567,2.2531089690577093
2025-08-04,1123.05810546875,0,0,-0.0,-0.02155180756924202,1.6535939231003567,2.204550398124044
2025-08-05,1137.900390625,0,0,0.0,0.013215954796973683,1.6535939231003567,2.233685636533302
2025-08-06,1113.1634521484375,1,0,-0.0,-0.021739107113739164,1.6535939231003567,2.185127305222284
2025-08-07,1167.584716796875,1,1,0.04888883527697829,0.04888883527697829,1.7344362040218224,2.2919556341065235
2025-08-08,1162.6373291015625,0,1,-0.0042372837055327794,-0.0042372837055327794,1.7270869057562346,2.28224396784432
2025-08-11,1167.584716796875,0,0,0.0,0.004255314681092859,1.7270869057562346,2.2919556341065235
2025-08-12,1167.584716796875,0,0,0.0,0.0,1.7270869057562346,2.2919556341065235
2025-08-13,1187.3743896484375,0,0,0.0,0.016949239371557567,1.7270869057562346,2.330802538777985
2025-08-14,1162.6373291015625,0,0,-0.0,-0.020833412580339772,1.7270869057562346,2.28224396784432
2025-08-15,1167.584716796875,0,0,0.0,0.004255314681092859,1.7270869057562346,2.2919556341065235
2025-08-18,1167.584716796875,0,0,0.0,0.0,1.7270869057562346,2.2919556341065235
2025-08-19,1172.5321044921875,0,0,0.0,0.004237283705532668,1.7270869057562346,2.301667300368727
2025-08-20,1123.05810546875,1,0,-0.0,-0.04219415300774576,1.7270869057562346,2.2045503981240437
2025-08-21,1137.900390625,1,1,0.013215954796973683,0.013215954796973683,1.749912008233154,2.2336856365333015
2025-08-22,1123.05810546875,1,1,-0.01304357154504343,-0.01304357154504343,1.7270869057562344,2.2045503981240437
2025-08-25,1157.68994140625,1,1,0.0308370829335185,0.0308370829335185,1.7803452279024332,2.272532301582116
2025-08-26,1162.6373291015625,1,1,0.004273499767392774,0.004273499767392774,1.787953532819753,2.28224396784432
2025-08-27,1177.4794921875,0,1,0.012765944043278576,0.012765944043278576,1.8107784475717124,2.311378966630931
2025-08-28,1147.795166015625,0,0,-0.0,-0.025210057898102378,1.8107784475717124,2.253108969057709
2025-08-29,1147.795166015625,0,0,0.0,0.0,1.8107784475717124,2.253108969057709
2025-09-01,1152.7425537109375,0,0,0.0,0.004310340243448341,1.8107784475717124,2.2628206353199127
2025-09-02,1147.795166015625,0,0,-0.0,-0.004291840948688619,1.8107784475717124,2.2531089690577093
2025-09-03,1147.795166015625,0,0,0.0,0.0,1.8107784475717124,2.2531089690577093
2025-09-04,1147.795166015625,1,0,0.0,0.0,1.8107784475717124,2.2531089690577093
2025-09-05,1167.584716796875,1,1,0.01724136097379292,0.01724136097379292,1.8419987324298606,2.2919556341065235
2025-09-08,1167.584716796875,0,1,0.0,0.0,1.8419987324298606,2.2919556341065235
2025-09-09,1187.3743896484375,0,0,0.0,0.016949239371557567,1.8419987324298606,2.330802538777985
2025-09-10,1212.1112060546875,1,0,0.0,0.020833206966485163,1.8419987324298606,2.379360630466356
2025-09-11,1226.953369140625,0,1,0.012244885627489044,0.012244885627489044,1.864553796234444,2.408495629252967
2025-09-12,1246.7431640625,0,0,0.0,0.016129215192371982,1.864553796234444,2.447342773547075
2025-09-15,1241.795654296875,0,0,-0.0,-0.003968347217163437,1.864553796234444,2.4376308676622247
2025-09-16,1271.5987548828125,0,0,0.0,0.024000003932058034,1.864553796234444,2.4961340180710243
2025-09-17,1256.697265625,0,0,-0.0,-0.011718703876197,1.864553796234444,2.4668825626779483
2025-09-18,1276.56591796875,0,0,0.0,0.015810213714333665,1.864553796234444,2.50588450320205
2025-09-19,1256.697265625,1,0,-0.0,-0.015564141313881175,1.864553796234444,2.4668825626779483
2025-09-22,1286.500244140625,0,1,0.02371532057150061,0.02371532057150061,1.9087722872349524,2.525385473464101
2025-09-23,1331.2049560546875,1,0,0.0,0.03474908933571563,1.9087722872349524,2.6131403188886235
2025-09-24,1331.2049560546875,1,1,0.0,0.0,1.9087722872349524,2.6131403188886235
2025-09-25,1311.336181640625,0,1,-0.0149254059817715,-0.0149254059817715,1.880283085921216,2.574138138741875
2025-09-26,1291.4674072265625,0,0,-0.0,-0.015151549001877207,1.880283085921216,2.5351359585951263
2025-09-30,1296.4346923828125,0,0,0.0,0.0038462334616071736,1.880283085921216,2.5448866833487984
2025-10-01,1316.3033447265625,0,0,0.0,0.015325609890330716,1.880283085921216,2.5838886238728995
2025-10-02,1356.0408935546875,0,0,0.0,0.030188747135926786,1.880283085921216,2.6618929841663963
2025-10-03,1390.8111572265625,0,0,0.0,0.025641014100046267,1.880283085921216,2.730146619706221
2025-10-07,1425.5814208984375,0,0,0.0,0.024999989028856362,1.880283085921216,2.7984002552460456
2025-10-08,1405.7127685546875,0,0,-0.0,-0.013937227332289637,1.880283085921216,2.759398314721944
2025-10-09,1430.5487060546875,1,0,0.0,0.017667860786052092,1.880283085921216,2.808150979999718
2025-10-13,1405.7127685546875,0,1,-0.017361126814406158,-0.017361126814406158,1.8476392528195549,2.759398314721944
2025-10-14,1415.6470947265625,0,0,0.0,0.007067109578928532,1.8476392528195549,2.7788992849839946
2025-10-15,1455.3843994140625,0,0,0.0,0.028070064096854086,1.8476392528195549,2.8569031660321973
2025-10-16,1475.2532958984375,0,0,0.0,0.013651992210699904,1.8476392528195549,2.895905585801593
2025-10-17,1440.48291015625,0,0,-0.0,-0.02356909544880026,1.8476392528195549,2.8276517106391212
2025-10-20,1470.2861328125,0,0,0.0,0.020689744006068933,1.8476392528195549,2.8861551006705675
2025-10-21,1470.2861328125,0,0,0.0,0.0,1.8476392528195549,2.8861551006705675
2025-10-22,1450.4173583984375,0,0,-0.0,-0.013513542684413182,1.8476392528195549,2.847152920523819
2025-10-23,1440.48291015625,0,0,-0.0,-0.006849372137380683,1.8476392528195549,2.827651710639121
2025-10-27,1470.2861328125,0,0,0.0,0.020689744006068933,1.8476392528195549,2.886155100670567
2025-10-28,1465.31884765625,0,0,-0.0,-0.003378447939754503,1.8476392528195549,2.8764043759168945
2025-10-29,1495.1219482421875,0,0,0.0,0.020338986721973207,1.8476392528195549,2.9349075263256936
2025-10-30,1495.1219482421875,0,0,0.0,0.0,1.8476392528195549,2.9349075263256936
2025-10-31,1490.15478515625,0,0,-0.0,-0.003322246116296612,1.8476392528195549,2.9251570411946686
2025-11-03,1500.0892333984375,0,0,0.0,0.006666722370821221,1.8476392528195549,2.944658251079366
2025-11-04,1495.1219482421875,0,0,-0.0,-0.0033113264502250273,1.8476392528195549,2.9349075263256936
2025-11-05,1450.4173583984375,1,0,-0.0,-0.029900296692392914,1.8476392528195549,2.8471529205238184
2025-11-06,1455.3843994140625,1,1,0.0034245598253936915,0.0034245598253936915,1.8539666039765812,2.8569031660321964
2025-11-07,1450.4173583984375,1,1,-0.00341287224023068,-0.00341287224023068,1.8476392528195549,2.847152920523818
2025-11-10,1465.31884765625,1,1,0.010273931962774485,0.010273931962774485,1.8666217727947745,2.8764043759168945
2025-11-11,1455.3843994140625,1,1,-0.0067797177782006335,-0.0067797177782006335,1.8539666039765814,2.8569031660321964
2025-11-12,1465.31884765625,1,1,0.006825996105350063,0.006825996105350063,1.8666217727947747,2.8764043759168945
2025-11-13,1450.4173583984375,1,1,-0.010169451707829458,-0.010169451707829458,1.8476392528195553,2.8471529205238184
2025-11-14,1420.6142578125,1,1,-0.020547948087746515,-0.020547948087746515,1.8096740573677363,2.7886497701150192
2025-11-17,1435.5157470703125,1,1,0.010489469027826104,0.010489469027826104,1.8286565773429557,2.8179012255080953
2025-11-18,1395.7783203125,1,1,-0.027681637654558,-0.027681637654558,1.778036368574324,2.739897104837245
2025-11-19,1385.8438720703125,0,1,-0.00711749716814869,-0.00711749716814869,1.7653811997561308,2.720395894952547
2025-11-20,1445.4501953125,0,0,0.0,0.04301085024328288,1.7653811997561308,2.8374024353927925
2025-11-21,1375.90966796875,1,0,-0.0,-0.048109943579699554,1.7653811997561308,2.700895164313143
2025-11-24,1365.9752197265625,0,1,-0.007220276500312428,-0.007220276500312428,1.7526346593654383,2.6813939544284455
2025-11-25,1405.7127685546875,1,0,0.0,0.02909097343367595,1.7526346593654383,2.7593983147219427
2025-11-26,1430.5487060546875,0,1,0.017667860786052092,0.017667860786052092,1.7835999645359166,2.808150979999717
2025-11-27,1425.5814208984375,0,0,-0.0,-0.003472293627771128,1.7835999645359166,2.7984002552460447
2025-11-28,1430.5487060546875,0,0,0.0,0.003484392461511998,1.7835999645359166,2.8081509799997173
2025-12-01,1400.7454833984375,0,0,-0.0,-0.020833420442177286,1.7835999645359166,2.749647589968271
2025-12-02,1420.6142578125,0,0,0.0,0.01418442868425851,1.7835999645359166,2.7886497701150192
2025-12-03,1440.48291015625,0,0,0.0,0.013985958703768286,1.7835999645359166,2.827651710639121
2025-12-04,1435.5157470703125,0,0,-0.0,-0.003448262420134296,1.7835999645359166,2.8179012255080953
2025-12-05,1450.4173583984375,0,0,0.0,0.010380667267870125,1.7835999645359166,2.8471529205238184
2025-12-08,1485.1876220703125,1,0,0.0,0.023972592075337973,1.7835999645359166,2.915406556063643
2025-12-09,1470.2861328125,0,1,-0.010033405232020565,-0.010033405232020565,1.7657043833199102,2.886155100670567
2025-12-10,1495.1219482421875,0,0,0.0,0.01689182457443117,1.7657043833199102,2.934907526325694
2025-12-11,1465.219482421875,0,0,-0.0,-0.02000001796205908,1.7657043833199102,2.8762093230821977
2025-12-12,1475.18701171875,0,0,0.0,0.006802755093318513,1.7657043833199102,2.8957754707042453
2025-12-15,1445.2845458984375,0,0,-0.0,-0.020270288161955086,1.7657043833199102,2.837077267460749
2025-12-16,1430.3333740234375,0,0,-0.0,-0.010344794675505087,1.7657043833199102,2.8077282856503243
2025-12-17,1425.349609375,0,0,-0.0,-0.0034843378047024753,1.7657043833199102,2.7979452118393002
2025-12-18,1425.349609375,0,0,0.0,0.0,1.7657043833199102,2.7979452118393002
2025-12-19,1425.349609375,0,0,0.0,0.0,1.7657043833199102,2.7979452118393002
2025-12-22,1460.2357177734375,0,0,0.0,0.024475474767018612,1.7657043833199102,2.8664262492711736
2025-12-23,1485.1544189453125,0,0,0.0,0.017064848413563594,1.7657043833199102,2.915341378703646
2025-12-24,1490.13818359375,0,0,0.0,0.003355721522868116,1.7657043833199102,2.9251244525146696
2025-12-26,1505.0894775390625,1,0,0.0,0.010033494953638922,1.7657043833199102,2.9544736739477413
2025-12-29,1525.0244140625,1,1,0.01324501753612184,0.01324501753612184,1.7890911688405895,2.9936057295691896
2025-12-30,1515.056884765625,0,1,-0.006535980148883347,-0.006535980148883347,1.7773977044765048,2.974039581947142
